{
  "LightGBM": {
    "accuracy": 89.8837185571736,
    "mape": 10.116281442826407,
    "rmse": 1.7740727794137494,
    "time": 4.003792762756348
  },
  "XGBoost": {
    "accuracy": 95.56194536850636,
    "mape": 4.438054631493647,
    "rmse": 2.8827327502249873,
    "time": 2.6960482597351074
  },
  "Random Forest": {
    "accuracy": 96.24320391112687,
    "mape": 3.756796088873135,
    "rmse": 2.6243944720244285,
    "time": 0.9325025081634521
  }
}