{
  "LightGBM": {
    "Accuracy": 89.8852812313916,
    "MSE": 3.1447941744623655,
    "RMSE": 1.7733567532965175,
    "R2": 0.9897721694288233
  },
  "XGBoost": {
    "Accuracy": 95.56194536850636,
    "MSE": 8.31014810921972,
    "RMSE": 2.8827327502249873,
    "R2": 0.9729728617622441
  },
  "Random Forest": {
    "Accuracy": 96.24320391112687,
    "MSE": 6.887446344792378,
    "RMSE": 2.6243944720244285,
    "R2": 0.9775999221651287
  },
  "LSTM": {
    "Accuracy": 91.59201929357222,
    "MSE": 0.25900605636062884,
    "RMSE": 0.5089263761691163,
    "R2": 0.9991576332458012
  },
  "GRU": {
    "Accuracy": 87.06536352107959,
    "MSE": 0.8623419157070048,
    "RMSE": 0.9286236674277717,
    "R2": 0.9971954008691895
  }
}